nom,ville,age,salaire,depenses
Vail Bérubé,Cébazat,26,17190,55.0
Comforte Sorel,Clermont-Ferrand,71,21899,44.0
Émile Allain,Clermont-Ferrand,34,21314,61.0
Christiane Lagueux,Lempdes,73,17244,46.0
Delmare Duclos,Clermont-Ferrand,68,27373,76.0
Orva Lefèbvre,Gerzat,55,22792,82.0
Ignace Courtemanche,Clermont-Ferrand,21,22133,70.0
Landers Varieur,Clermont-Ferrand,36,18200,73.0
Beltane Barrière,Beaumont,80,18382,52.0
Jolie Deblois,Clermont-Ferrand,77,18431,67.0
Jacques Lacharité,Chamalières,60,18364,50.0
Gaspar Verreau,Clermont-Ferrand,43,18641,68.0
Landers Boisvert,Clermont-Ferrand,27,18284,52.0
Nicole Bourgeois,Clermont-Ferrand,75,24167,59.0
Mathilde Marois,Durtol,49,21832,65.0
Aubine Marcheterre,Blanzat,40,21421,78.0
Thiery Houde,Beaumont,40,22048,74.0
Garland Dionne,Chamalières,22,21240,55.0
Mercer Deblois,Clermont-Ferrand,38,24004,73.0
Brigitte Viens,Clermont-Ferrand,48,22809,70.0
Aymon Deniger,Clermont-Ferrand,81,18566,55.0
Ignace Deschamps,Clermont-Ferrand,39,20927,51.0
Fanette Dastous,Aubière,34,22811,66.0
Crescent Austin,Gerzat,25,22555,85.0
Carole Rocheleau,Clermont-Ferrand,64,24453,68.0
Harbin Guilmette,Cournon-d'Auvergne,67,20769,56.0
Afrodille Legault,Clermont-Ferrand,49,25571,83.0
Gaetan Dupéré,Cournon-d'Auvergne,64,22379,71.0
Malagigi Dennis,Clermont-Ferrand,29,20827,66.0
Christophe Petrie,Aubière,76,18556,64.0
Isaac Chabot,Romagnat,69,25911,113.0
Arnaud Labonté,Clermont-Ferrand,56,21148,47.0
Linette Bertrand,Romagnat,70,23357,81.0
Monique Séguin,Clermont-Ferrand,83,19290,64.0
Gaston Gosselin,Orcines,71,24443,68.0
Fayme Pitre,Chamalières,49,19520,63.0
Brice Chastain,Romagnat,79,21004,73.0
Xavierre Lamare,Chamalières,44,18993,64.0
Raina Pelletier,Lempdes,71,22999,79.0
Inès CinqMars,Chamalières,68,18630,59.0
Ray Gagnon,Chamalières,24,26563,88.0
Platt Bonami,Cébazat,28,20046,58.0
Olivier LeBatelier,Clermont-Ferrand,80,16872,38.0
Esmeraude Ducharme,Aubière,38,12896,32.0
Amorette Martin,Clermont-Ferrand,68,20808,61.0
Alain Tisserand,Clermont-Ferrand,79,22224,66.0
Mirabelle Plante,Clermont-Ferrand,54,21374,74.0
Rémy Blanchard,Pont-du-Château,72,19913,49.0
Viollette Rossignol,Pont-du-Château,36,14206,38.0
Eustache Pelland,Clermont-Ferrand,35,22633,68.0
Juliette Bois,Cébazat,74,21100,71.0
Delmare Voisine,Aulnat,67,16659,57.0
Dreux Beaujolie,Clermont-Ferrand,29,15494,46.0
Hardouin Bérubé,Blanzat,75,18607,56.0
Marmion Chatigny,Clermont-Ferrand,46,26260,97.0
Campbell Boulé,Clermont-Ferrand,57,16945,73.0
Jeannine Lachapelle,Clermont-Ferrand,57,19529,76.0
Noelle Brousseau,Clermont-Ferrand,57,22234,67.0
Parnella Lavoie,Clermont-Ferrand,77,19706,48.0
Vivienne Boivin,Clermont-Ferrand,47,22336,59.0
Françoise Bédard,Clermont-Ferrand,54,24890,89.0
Saville Lacharité,Aubière,74,26321,87.0
Michèle Bériault,Clermont-Ferrand,67,24859,87.0
Thibaut Rhéaume,Pérignat-lès-Sarliève,67,26904,83.0
Emmanuel Mailhot,Clermont-Ferrand,32,20949,66.0
Anastasie Faubert,Blanzat,35,27006,93.0
Platt Bouchard,Clermont-Ferrand,23,19986,59.0
Alphonse Bourassa,Chamalières,41,20882,53.0
Cendrillon Lereau,Clermont-Ferrand,59,18730,66.0
Lucas CinqMars,Pont-du-Château,56,26605,68.0
Romaine Rochon,Clermont-Ferrand,45,21899,67.0
Avent Méthot,Chamalières,28,21324,67.0
Aurore Gougeon,Clermont-Ferrand,32,24483,74.0
Harriette Daigle,Clermont-Ferrand,41,16913,66.0
Fleur Chevrette,Clermont-Ferrand,85,22729,59.0
Peppin Lejeune,Clermont-Ferrand,60,23957,101.0
Liane Brousseau,Cournon-d'Auvergne,77,21457,71.0
Jules Baril,Aubière,75,17706,73.0
Gill Parizeau,Clermont-Ferrand,36,24411,70.0
Cheney Lazure,Clermont-Ferrand,22,23237,78.0
Leverett Mailhot,Beaumont,59,26980,85.0
Arianne Duperré,Clermont-Ferrand,81,22288,66.0
Loyal Pelchat,Clermont-Ferrand,49,24054,80.0
Thierry Robert,Clermont-Ferrand,83,25341,106.0
Christine Guilmette,Romagnat,51,20365,68.0
Xavierre Cailot,Pont-du-Château,65,22794,85.0
Roux L'Heureux,Clermont-Ferrand,67,24390,73.0
Burnell Des Meaux,Clermont-Ferrand,81,28098,108.0
Pauline Béland,Beaumont,45,18044,47.0
Demi Deblois,Cournon-d'Auvergne,53,20347,65.0
Mayhew Rocher,Blanzat,31,27210,68.0
Searlait Binet,Clermont-Ferrand,71,23114,76.0
Clothilde Laramée,Chamalières,20,22574,66.0
Ormazd Croteau,Aulnat,20,18053,55.0
Thomas Audibert,Romagnat,73,21068,68.0
Joy Deschamps,Blanzat,43,23219,64.0
Campbell Duclos,Clermont-Ferrand,53,22997,66.0
Thérèse Caisse,Clermont-Ferrand,35,22037,65.0
Loring Douffet,Aulnat,79,18684,63.0
Quennel Savoie,Cournon-d'Auvergne,80,22688,78.0
Heloise Grivois,Clermont-Ferrand,67,16689,60.0
Isabelle Dupuis,Clermont-Ferrand,24,21713,63.0
Christine Norbert,Aubière,38,22215,86.0
Neville Gour,Durtol,46,28273,90.0
Allyriane Pouchard,Romagnat,85,19859,78.0
Damiane Gendron,Orcines,65,23740,71.0
Perrin Miron,Cournon-d'Auvergne,68,23832,90.0
Sibyla Ruest,Clermont-Ferrand,40,22997,80.0
Claude Savoie,Clermont-Ferrand,81,21670,84.0
Bevis Fongemie,Cournon-d'Auvergne,22,24151,92.0
Manon Marois,Romagnat,57,22634,66.0
Vachel Bler,Clermont-Ferrand,34,24969,83.0
Christabel Boulanger,Orcines,69,23135,48.0
Joy Narcisse,Clermont-Ferrand,58,21346,75.0
Alexandrie Mailloux,Romagnat,56,19878,69.0
Holly Tollmache,Romagnat,21,24446,59.0
Channing Sirois,Clermont-Ferrand,42,25696,74.0
Somer Babin,Cébazat,83,21946,64.0
Éric Croquetaigne,Orcines,42,21750,54.0
Françoise Berthelette,Clermont-Ferrand,46,22099,66.0
Angelique Demers,Clermont-Ferrand,41,22804,66.0
Solaine Perillard,Clermont-Ferrand,69,19861,73.0
Zoé Vadeboncoeur,Aubière,35,17609,51.0
Marguerite Auclair,Romagnat,28,23964,57.0
Adrienne Panetier,Clermont-Ferrand,79,23554,77.0
Raina Loiselle,Lempdes,47,23814,80.0
Adrien L'Angelier,Aubière,42,20720,67.0
Barry Bergeron,Aubière,56,21045,87.0
Travers Pichette,Clermont-Ferrand,27,21276,65.0
Comforte Drouin,Le Cendre,70,24754,69.0
Denis Loiseau,Cournon-d'Auvergne,51,22238,71.0
Charlotte Meilleur,Clermont-Ferrand,52,23004,56.0
Guerin de Launay,Clermont-Ferrand,39,22452,79.0
Eulalie Ricard,Clermont-Ferrand,31,20755,75.0
Pinabel Boileau,Clermont-Ferrand,47,22605,53.0
Charline Paradis,Beaumont,57,22950,61.0
La Roux Simard,Romagnat,75,21638,73.0
Arnaude Quiron,Beaumont,31,21748,71.0
Victoire Lépicier,Clermont-Ferrand,41,25255,77.0
Zerbino Hervé,Gerzat,39,19606,59.0
Olympia Tanguay,Saint-Genès-Champanelle,34,19291,50.0
Avril Collin,Clermont-Ferrand,35,22566,61.0
Nicolette Lanoie,Clermont-Ferrand,48,25595,85.0
Legget DuLin,Clermont-Ferrand,77,20693,68.0
Trinette Mothé,Pont-du-Château,49,21016,64.0
Pryor Lachance,Clermont-Ferrand,33,22448,92.0
Aubine Léveillé,Clermont-Ferrand,30,25350,102.0
Millard Duperré,Clermont-Ferrand,32,21127,80.0
Robinette Robillard,Gerzat,35,20400,67.0
Durandana Beauchamps,Ceyrat,82,21241,59.0
Vivienne Chandonnet,Clermont-Ferrand,30,25267,87.0
Marphisa Potvin,Durtol,28,22154,71.0
René Fortier,Aubière,67,21294,80.0
Corinne Jolicoeur,Clermont-Ferrand,32,18616,57.0
Emmeline Giroux,Clermont-Ferrand,61,21759,66.0
Comforte Bureau,Romagnat,54,23785,71.0
Noël Ratté,Chamalières,29,20417,50.0
Arnou Benoit,Cournon-d'Auvergne,46,14483,50.0
Juliette Pelletier,Ceyrat,61,20546,45.0
Honoré Tanguay,Châteaugay,23,17612,55.0
Fitz Lagrange,Royat,50,16658,53.0
Raymond Lespérance,Pont-du-Château,54,26496,84.0
Curtis Veronneau,Saint-Genès-Champanelle,70,18598,59.0
Ferrau Coupart,Cournon-d'Auvergne,52,24767,67.0
Avice Dandonneau,Cournon-d'Auvergne,22,20736,68.0
Auguste Pelland,Clermont-Ferrand,34,23249,84.0
Xavier Pomerleau,Clermont-Ferrand,45,23417,56.0
Rosemarie Trudeau,Lempdes,36,17086,29.0
Marc Gousse,Gerzat,27,22969,80.0
Mathilde Deserres,Clermont-Ferrand,76,24626,79.0
Clarice Du Trieux,Cébazat,74,20807,74.0
Ormazd Duffet,Clermont-Ferrand,83,24019,70.0
Yves Chastain,Beaumont,48,21443,70.0
Yves Routhier,Clermont-Ferrand,53,16693,62.0
Ogier Dufour,Clermont-Ferrand,69,26530,88.0
William Duplanty,Clermont-Ferrand,70,24142,85.0
Eleanor Rodrigue,Clermont-Ferrand,23,25533,72.0
Gérard Lamarre,Clermont-Ferrand,74,20947,78.0
Parfait Tremblay,Pérignat-lès-Sarliève,61,20692,69.0
Fabienne Pinette,Clermont-Ferrand,85,19182,54.0
Vaden Rodrigue,Châteaugay,30,28333,104.0
Aubert Lampron,Clermont-Ferrand,56,23134,67.0
Searlas Simon,Le Cendre,80,22531,78.0
Juliette Vertefeuille,Clermont-Ferrand,19,21970,72.0
Émile Plaisance,Pérignat-lès-Sarliève,47,19684,78.0
Phillipa Laprise,Cébazat,80,22473,71.0
Evrard L'Heureux,Royat,53,18788,65.0
Faustin Faure,Clermont-Ferrand,43,21492,96.0
Joy Masson,Clermont-Ferrand,83,21069,54.0
Hamilton Doyon,Chamalières,62,19336,69.0
Marjolaine Clavet,Clermont-Ferrand,39,21507,61.0
Ignace Brodeur,Cournon-d'Auvergne,33,17862,49.0
Astrid Labbé,Lempdes,20,20571,64.0
Michel Lanoie,Clermont-Ferrand,51,21425,62.0
Parfait Houde,Clermont-Ferrand,56,17624,66.0
Royce Simard,Chamalières,20,21475,76.0
Ganelon Binet,Clermont-Ferrand,42,17927,49.0
Zoé Courtois,Clermont-Ferrand,27,25932,66.0
Marsilius Fortier,Cournon-d'Auvergne,36,25967,73.0
Vincent Lamy,Clermont-Ferrand,39,21067,57.0
Camille Dubeau,Clermont-Ferrand,76,22571,82.0
Huette Couturier,Blanzat,37,19080,56.0
Philippine Lavallée,Blanzat,21,20975,72.0
Caroline Boutot,Clermont-Ferrand,36,21694,54.0
Montague Duhamel,Pont-du-Château,35,21035,54.0
Antoine Chenard,Clermont-Ferrand,24,24313,66.0
Alaine Daviau,Clermont-Ferrand,26,16410,57.0
Turner Charbonneau,Durtol,44,22427,80.0
Royale Vachon,Cournon-d'Auvergne,37,21703,72.0
Arno Chauvet,Beaumont,43,23290,75.0
Frontino Boutot,Aubière,69,23226,83.0
Roux Lizotte,Clermont-Ferrand,27,21004,76.0
André Doucet,Aubière,68,17606,56.0
Babette Chauvet,Clermont-Ferrand,66,18718,73.0
Pomeroy Mousseau,Clermont-Ferrand,78,24701,92.0
Mireille L'Angelier,Royat,67,18200,61.0
Bayard Bédard,Clermont-Ferrand,30,24419,65.0
Raina Corbeil,Lempdes,53,24761,86.0
Dominique Brault,Beaumont,83,27187,95.0
Guerin Saindon,Clermont-Ferrand,35,23553,64.0
Pierrette Neufville,Clermont-Ferrand,34,18880,54.0
Nathalie Daoust,Clermont-Ferrand,30,21648,62.0
Huette Miron,Royat,79,21245,69.0
Marcel Brunault,Chamalières,69,19258,61.0
Bartlett Narcisse,Royat,55,16965,52.0
Tempeste Des Meaux,Clermont-Ferrand,45,24491,91.0
Yolette Frappier,Châteaugay,80,20047,81.0
Adélaïde de Chateaub,Chamalières,83,22400,76.0
Javier Saurel,Clermont-Ferrand,46,18903,56.0
Thierry Mouet,Pérignat-lès-Sarliève,24,21458,67.0
Burnell Querry,Clermont-Ferrand,43,21480,70.0
Minette Bousquet,Clermont-Ferrand,58,16320,54.0
Wyatt Phaneuf,Clermont-Ferrand,56,21863,68.0
Namo Gilbert,Nohanent,47,25259,111.0
Gauthier Gilbert,Aubière,19,22210,63.0
Malagigi Guérette,Le Cendre,33,21092,62.0
Bayard Rivière,Clermont-Ferrand,57,27600,95.0
Carole Martin,Aulnat,72,24593,82.0
Agnès Proulx,Gerzat,65,18470,69.0
Gérard Aubin,Clermont-Ferrand,19,22824,67.0
Roch Cloutier,Clermont-Ferrand,20,21786,75.0
Lyle Daigle,Clermont-Ferrand,80,28796,85.0
Éléonore Méthot,Gerzat,51,22574,73.0
Clémence Parmentier,Gerzat,38,28316,97.0
Carolos Gagné,Clermont-Ferrand,38,27815,96.0
Véronique Édouard,Cournon-d'Auvergne,74,25616,69.0
Pomeroy Leclair,Beaumont,35,23151,79.0
Noémi Chartier,Clermont-Ferrand,38,23865,60.0
Benjamin Chaussée,Pont-du-Château,35,23544,70.0
Hedvige Paquin,Clermont-Ferrand,69,27580,78.0
Turner Beaudoin,Clermont-Ferrand,48,21373,66.0
Caresse Martineau,Cébazat,60,24053,67.0
Dominic Jobin,Chamalières,27,25563,69.0
Berangaria Gingras,Clermont-Ferrand,27,22605,65.0
Catherine Lépicier,Clermont-Ferrand,21,22771,73.0
Colette Descoteaux,Romagnat,28,18157,54.0
Arienne Séguin,Cébazat,26,25662,53.0
Gérard Lajoie,Clermont-Ferrand,63,21139,63.0
Marthe D'Aubigné,Beaumont,73,26312,87.0
Ganelon Grivois,Clermont-Ferrand,47,20581,88.0
Talbot Sauvé,Clermont-Ferrand,19,26373,72.0
Bertrand Abril,Clermont-Ferrand,48,20240,56.0
Delphine Chartier,Saint-Genès-Champanelle,76,26149,84.0
Catherine Lacombe,Romagnat,56,22375,90.0
Mercer Levasseur,Saint-Genès-Champanelle,41,23901,84.0
Christian Fontaine,Clermont-Ferrand,47,19196,47.0
Legget Labonté,Clermont-Ferrand,30,17150,52.0
Gauthier Pitre,Clermont-Ferrand,73,21158,73.0
Oriel Desilets,Pont-du-Château,55,23471,57.0
Felicienne Rocher,Clermont-Ferrand,77,26571,68.0
Vernon Deschênes,Clermont-Ferrand,29,20700,58.0
Florence Mazuret,Clermont-Ferrand,50,25624,81.0
Germaine Duplanty,Clermont-Ferrand,51,22645,96.0
Elita DeGrasse,Clermont-Ferrand,22,24687,68.0
Aya Jalbert,Clermont-Ferrand,23,19868,57.0
Hedvige Mouet,Aulnat,24,22994,94.0
Olivie Boucher,Aulnat,70,21325,61.0
Odette Dagenais,Ceyrat,29,25898,80.0
Dominique Plante,Clermont-Ferrand,81,21783,73.0
Carine Demers,Clermont-Ferrand,83,19876,42.0
Slainie Dupuis,Châteaugay,48,17067,59.0
Desire Tremblay,Cournon-d'Auvergne,61,21720,70.0
Georgette Marcil,Aulnat,65,24337,68.0
Genevre Dufresne,Beaumont,24,24531,69.0
Huette Gougeon,Clermont-Ferrand,80,26006,93.0
Beltane Charlesbois,Clermont-Ferrand,50,17829,78.0
Perrin Perreault,Clermont-Ferrand,84,25465,93.0
Agramant Tardif,Clermont-Ferrand,46,25557,87.0
Michel Guédry,Durtol,38,19488,54.0
Cammile Lafrenière,Clermont-Ferrand,34,25818,75.0
Gérard Mousseau,Chamalières,22,21413,75.0
Patricia Turgeon,Gerzat,79,24639,76.0
Martin Lizotte,Cournon-d'Auvergne,36,18083,51.0
Chantal Duffet,Clermont-Ferrand,28,17556,68.0
Nicholas Varieur,Clermont-Ferrand,35,21235,71.0
Huette Lanctot,Clermont-Ferrand,85,22631,96.0
Orville Metivier,Clermont-Ferrand,47,24597,79.0
Laure Douffet,Blanzat,32,17113,51.0
Odelette Dupuy,Chamalières,51,18391,59.0
Thierry Clavette,Romagnat,28,23053,76.0
Faustin Gagné,Clermont-Ferrand,81,14525,45.0
Virginie Lespérance,Aubière,33,18337,45.0
Eglantine Gendron,Clermont-Ferrand,76,26186,99.0
Auguste Vernadeau,Clermont-Ferrand,68,21269,86.0
Ila Goddu,Clermont-Ferrand,40,20542,67.0
Brigliador Lanteigne,Chamalières,57,20715,70.0
Philippe Guérette,Le Cendre,66,20937,67.0
Alexis Desjardins,Pont-du-Château,41,15653,54.0
Mirabelle Veilleux,Clermont-Ferrand,39,18637,49.0
Bertrand Sevier,Clermont-Ferrand,37,21363,62.0
Xarles Bourassa,Gerzat,24,22060,55.0
Tristan Busson,Clermont-Ferrand,57,24257,74.0
Yolette Royer,Ceyrat,25,24640,80.0
Stéphane Beauchamp,Pont-du-Château,60,19749,52.0
Ernest Auberjonois,Ceyrat,59,22621,95.0
Aymon Doucet,Cébazat,38,21391,57.0
Arnaud Lebrun,Clermont-Ferrand,40,19857,80.0
Sabine Rancourt,Pont-du-Château,49,20883,65.0
Ignace Cloutier,Clermont-Ferrand,20,20277,56.0
Jeanette Pellerin,Gerzat,22,23185,72.0
Voleta Mouet,Lempdes,20,18785,45.0
Mayhew Sansouci,Orcines,30,25455,84.0
Jean Courtois,Cournon-d'Auvergne,58,21500,75.0
Marcelle Babin,Pont-du-Château,75,24915,95.0
Germain Trudeau,Clermont-Ferrand,77,23221,70.0
Langley Chesnay,Lempdes,65,22111,55.0
Chantal Lagacé,Beaumont,26,21503,63.0
Joy Baril,Clermont-Ferrand,61,20958,60.0
Jeanette Sacré,Cournon-d'Auvergne,28,26401,74.0
Henriette Royer,Clermont-Ferrand,74,21831,80.0
Prunella Berger,Le Cendre,38,20440,87.0
Andrée CinqMars,Beaumont,22,23442,66.0
Delmare Dandonneau,Cébazat,26,24095,74.0
Grégoire Marchesseault,Lempdes,44,18469,64.0
Caroline Bérubé,Clermont-Ferrand,27,19938,57.0
Fifi Varieur,Clermont-Ferrand,65,26277,93.0
Xarles Poisson,Clermont-Ferrand,44,23538,74.0
Zerbino Lacroix,Clermont-Ferrand,73,25906,73.0
René Daigneault,Clermont-Ferrand,56,21759,78.0
Marshall Marier,Clermont-Ferrand,34,22511,73.0
Clothilde Bureau,Clermont-Ferrand,28,24699,60.0
Patricia Dostie,Clermont-Ferrand,83,18332,34.0
Zacharie Cartier,Clermont-Ferrand,19,18964,55.0
Blondelle Chatigny,Cournon-d'Auvergne,69,20898,77.0
Edmee Bossé,Clermont-Ferrand,74,21724,60.0
Ray Jacques,Clermont-Ferrand,26,15279,48.0
Ganelon Goudreau,Orcines,30,18278,49.0
Verrill Lavoie,Clermont-Ferrand,71,24091,97.0
Valiant Saucier,Saint-Genès-Champanelle,58,22562,69.0
Edmee Lazure,Clermont-Ferrand,80,18286,32.0
Gustave Pellerin,Clermont-Ferrand,67,21151,65.0
Fauna Gamache,Durtol,58,19036,63.0
Chappell Couet,Clermont-Ferrand,29,22807,67.0
Searlait Masson,Chamalières,28,22332,72.0
Trinette Boivin,Clermont-Ferrand,41,17512,56.0
Adèle Beaulac,Blanzat,72,18700,58.0
Mignonette Boncoeur,Clermont-Ferrand,57,22792,84.0
Bevis Bousquet,Clermont-Ferrand,81,22338,73.0
Orlene Hétu,Romagnat,83,23533,89.0
Javier Lacombe,Gerzat,72,23823,78.0
Paien Cuillerier,Châteaugay,58,23412,76.0
Amaury Laisné,Clermont-Ferrand,38,27178,91.0
William Ailleboust,Clermont-Ferrand,21,20437,60.0
Mayhew Martineau,Le Cendre,54,22852,84.0
Charline Hébert,Clermont-Ferrand,59,22241,77.0
Rule Guernon,Nohanent,74,19969,59.0
Parnella Benoit,Clermont-Ferrand,57,19579,61.0
Marshall Robert,Chamalières,62,22958,59.0
Royden Charette,Clermont-Ferrand,23,21843,71.0
Ormazd Beaulac,Clermont-Ferrand,69,22793,76.0
Varden Turgeon,Clermont-Ferrand,79,20871,87.0
Charlot Goudreau,Clermont-Ferrand,51,21314,59.0
Quincy Davignon,Cébazat,66,25782,78.0
Demi Rocher,Clermont-Ferrand,66,18190,80.0
Agramant Ménard,Chamalières,25,21126,53.0
Charline Fouquet,Clermont-Ferrand,22,16181,62.0
Grosvenor Vadeboncoeur,Chamalières,54,23265,75.0
Hugues Quenneville,Clermont-Ferrand,27,21524,71.0
Dominique Arsenault,Clermont-Ferrand,57,26637,68.0
Alexandrin Pariseau,Clermont-Ferrand,20,13789,37.0
Yvette Gauthier,Clermont-Ferrand,62,19609,61.0
Romaine Pinneau,Clermont-Ferrand,48,21973,80.0
Danielle Gareau,Clermont-Ferrand,22,22136,67.0
Gill Marquis,Lempdes,75,19364,66.0
Diane Bertrand,Clermont-Ferrand,51,23047,90.0
Tearlach Rossignol,Romagnat,47,22260,79.0
David L'Heureux,Durtol,48,27082,95.0
Pierre Lacombe,Ceyrat,46,20790,70.0
Antoine Rivard,Clermont-Ferrand,51,21576,67.0
Ferrau Méthot,Romagnat,84,18330,72.0
Clothilde Beauchamps,Pérignat-lès-Sarliève,19,26508,76.0
André Hervieux,Clermont-Ferrand,84,22607,64.0
Didiane Lachance,Chamalières,53,24437,83.0
Juliette Rhéaume,Clermont-Ferrand,55,23534,69.0
Dalmace Jomphe,Clermont-Ferrand,54,26062,77.0
Guillaume Thibault,Beaumont,74,18813,56.0
Audrey Echeverri,Nohanent,24,25725,94.0
Merle Gauthier,Clermont-Ferrand,29,26257,72.0
Maslin Lagrange,Saint-Genès-Champanelle,50,20877,65.0
Philippe Jodion,Clermont-Ferrand,58,26745,83.0
Orville Dupuy,Clermont-Ferrand,66,18839,50.0
Archard Houde,Cournon-d'Auvergne,42,18465,55.0
Emmanuelle Montminy,Clermont-Ferrand,68,20167,51.0
Arianne Labonté,Beaumont,52,20005,78.0
Brigitte Loiselle,Clermont-Ferrand,46,24000,88.0
Romaine Lacroix,Gerzat,79,19663,91.0
Garland L'Hiver,Clermont-Ferrand,38,21698,60.0
Alaine Beaulac,Le Cendre,53,19543,39.0
Belisarda Gilbert,Clermont-Ferrand,40,21998,55.0
William Carrière,Clermont-Ferrand,51,20158,54.0
Garland Clément,Romagnat,46,29289,105.0
Édouard Piedalue,Aubière,31,21207,51.0
Emmeline Théberge,Beaumont,59,20346,62.0
Fleurette Bertrand,Clermont-Ferrand,69,25413,79.0
Fleur Monjeau,Cournon-d'Auvergne,39,23812,85.0
Avelaine Dionne,Clermont-Ferrand,68,18652,84.0
Alexandrie René,Chamalières,55,14206,48.0
Satordi Arsenault,Lempdes,75,27648,105.0
Yvette Trépanier,Ceyrat,23,20765,74.0
Carole Huppé,Le Cendre,48,26326,97.0
Melodie Loiselle,Aubière,23,19505,50.0
Marsilius Frappier,Pérignat-lès-Sarliève,28,21120,42.0
Merci Plaisance,Clermont-Ferrand,56,21913,78.0
Clementine Arsenault,Clermont-Ferrand,67,20087,68.0
Julie Trudeau,Clermont-Ferrand,81,23004,93.0
Aymon Rouleau,Clermont-Ferrand,41,17555,60.0
Aya Blondlot,Orcines,54,23850,84.0
Damiane Daigneault,Romagnat,25,21731,65.0
Vachel Lejeune,Chamalières,48,19017,53.0
Galatee Moreau,Pont-du-Château,45,21502,58.0
Charline Franchet,Lempdes,29,26451,81.0
Honore Ménard,Clermont-Ferrand,85,18884,82.0
Matthieu Auberjonois,Chamalières,34,20108,56.0
Garland Moquin,Clermont-Ferrand,80,24914,68.0
Archard Dastous,Cournon-d'Auvergne,48,24622,84.0
Desire Laliberté,Clermont-Ferrand,53,21423,73.0
Mirabelle Lagacé,Romagnat,24,17583,59.0
Raoul Jalbert,Clermont-Ferrand,25,23422,91.0
Suzette Hétu,Chamalières,85,26412,75.0
Thierry Trudeau,Chamalières,71,23478,58.0
France Chaussée,Aulnat,20,17881,72.0
Marie Létourneau,Clermont-Ferrand,53,22386,74.0
Corette Dostie,Orcines,60,24814,71.0
Monique Henrichon,Cournon-d'Auvergne,63,14539,53.0
Laurence Racine,Le Cendre,49,27283,77.0
Marlon Jomphe,Royat,64,20163,72.0
Azura Paquin,Clermont-Ferrand,74,24808,62.0
Hugues Cloutier,Clermont-Ferrand,51,15721,19.0
France Bonsaint,Clermont-Ferrand,30,12421,46.0
Travers Daigle,Clermont-Ferrand,58,25330,70.0
Maurice Dubeau,Cébazat,63,21908,64.0
Barry Rancourt,Chamalières,58,24673,63.0
Artus Labonté,Clermont-Ferrand,31,25485,78.0
Joseph Fresne,Clermont-Ferrand,80,28744,98.0
Sidney Royer,Cournon-d'Auvergne,49,19134,35.0
Lorraine Pelchat,Le Cendre,30,18678,47.0
Gallia Bazinet,Nohanent,45,21591,84.0
Fifi Houle,Clermont-Ferrand,57,24005,82.0
Amedee Aucoin,Clermont-Ferrand,48,16361,68.0
Yseult Labossière,Clermont-Ferrand,60,24727,88.0
Paien Collin,Lempdes,66,23610,69.0
Suzette Melanson,Clermont-Ferrand,54,12285,46.0
Catherine Dubois,Romagnat,34,16722,46.0
Théodore Trudeau,Clermont-Ferrand,80,23829,72.0
Valérie Allain,Clermont-Ferrand,46,23660,108.0
Pinabel Boutot,Lempdes,42,22690,59.0
Gaetan Duplessis,Clermont-Ferrand,72,22608,69.0
Victoire Ratté,Clermont-Ferrand,35,24033,88.0
Carine Viens,Romagnat,29,27282,85.0
Rosamonde Masson,Clermont-Ferrand,51,20225,79.0
Amitee Desjardins,Clermont-Ferrand,29,21608,65.0
Gabriel Berthiaume,Aubière,35,19867,53.0
Noémi Miron,Romagnat,70,26113,88.0
Eustache Beauchemin,Clermont-Ferrand,77,26108,81.0
Mignonette Quenneville,Ceyrat,38,19239,60.0
Percy Fluet,Pérignat-lès-Sarliève,48,22025,78.0
Alexis Boivin,Clermont-Ferrand,22,20179,72.0
Gilles Racicot,Lempdes,65,18882,79.0
Merci Belisle,Pont-du-Château,38,25114,99.0
Sylvie Rochefort,Clermont-Ferrand,34,18710,63.0
Marphisa Poissonnier,Clermont-Ferrand,45,22120,66.0
Olivier Boulé,Beaumont,65,17767,64.0
Maureen Senneville,Romagnat,66,21000,60.0
Ambra Daoust,Cournon-d'Auvergne,53,22425,83.0
Alita Généreux,Romagnat,23,25624,88.0
Archard Perrault,Aubière,41,27387,86.0
Roux Giroux,Clermont-Ferrand,35,21121,63.0
Fantina Berthiaume,Clermont-Ferrand,29,18918,62.0
Jacqueline Lereau,Gerzat,23,25576,66.0
Orane Gour,Clermont-Ferrand,67,18113,69.0
Langley Bazinet,Cébazat,56,20004,64.0
Daniel St-Jean,Clermont-Ferrand,20,21729,83.0
Phillipa Trépanier,Lempdes,52,21529,72.0
Halette Hébert,Clermont-Ferrand,29,19541,60.0
Arno Cailot,Romagnat,33,20630,70.0
Saville Miron,Ceyrat,34,20261,60.0
Raymond Fortin,Clermont-Ferrand,45,21809,67.0
Jeanette Lesage,Gerzat,64,21601,70.0
Marc Abril,Clermont-Ferrand,35,25182,81.0
Jacqueline Sciverit,Beaumont,77,17109,61.0
Melodie Fréchette,Clermont-Ferrand,84,22998,79.0
William Dagenais,Royat,51,24811,97.0
Roxanne Belisle,Romagnat,81,22253,68.0
Florismart Plouffe,Lempdes,27,27688,84.0
Bartlett Giguère,Orcines,61,15576,46.0
Louise Riquier,Clermont-Ferrand,62,20851,77.0
Matthieu Paradis,Saint-Genès-Champanelle,45,12678,29.0
Bevis Parent,Clermont-Ferrand,76,23595,91.0
Royce Petit,Châteaugay,41,24659,82.0
Gaetane Cuillerier,Ceyrat,41,26086,81.0
Jérôme Leblanc,Beaumont,20,23994,85.0
Bradamate Bernier,Royat,19,20382,55.0
Chandler Berie,Saint-Genès-Champanelle,83,19642,75.0
Bertrand Massé,Clermont-Ferrand,35,24744,76.0
Faustin Marcoux,Clermont-Ferrand,41,19341,68.0
Carolos de Brisay,Clermont-Ferrand,77,22201,84.0
Warrane Grivois,Cournon-d'Auvergne,66,27207,83.0
Talbot Rivard,Clermont-Ferrand,46,22288,73.0
Georges Bousquet,Le Cendre,72,18156,58.0
Céline Richard,Romagnat,49,16855,56.0
Gallia Grenier,Cournon-d'Auvergne,71,20389,71.0
Merle Desruisseaux,Royat,79,22932,90.0
Lucille Poulin,Chamalières,43,25116,101.0
Felicien Crête,Clermont-Ferrand,21,19411,56.0
Arnaud Latourelle,Beaumont,60,26678,81.0
Diane Pirouet,Clermont-Ferrand,58,25224,63.0
Roland Champagne,Saint-Genès-Champanelle,41,20236,62.0
Leala Bélanger,Chamalières,75,20965,63.0
Talbot Cotuand,Clermont-Ferrand,32,19979,51.0
Jean Roy,Cournon-d'Auvergne,82,22855,69.0
Yseult Guernon,Pont-du-Château,38,26923,93.0
Lirienne Veilleux,Aubière,65,18954,61.0
Roux Pouliotte,Lempdes,78,22197,77.0
Laure Thériault,Aubière,82,23392,72.0
Arber Coulombe,Clermont-Ferrand,38,21729,62.0
Romaine Paquin,Clermont-Ferrand,32,20421,64.0
Richard Côté,Chamalières,42,18770,63.0
Coralie Leclair,Romagnat,67,19274,69.0
Ogier Marcoux,Clermont-Ferrand,48,22132,88.0
Morgana Authier,Clermont-Ferrand,74,17691,55.0
Burnell Bernier,Royat,26,18691,57.0
Ancelote Garceau,Clermont-Ferrand,41,21652,83.0
Ansel St-Jean,Châteaugay,23,20224,52.0
Roland Bernier,Beaumont,32,18626,39.0
Marine Lamour,Pont-du-Château,43,20271,74.0
Perrin Saindon,Ceyrat,83,18277,62.0
Lundy Briard,Gerzat,32,21532,93.0
Vignette Nadeau,Blanzat,62,22207,60.0
Byron Therriault,Beaumont,27,29805,94.0
Nathalie Dandonneau,Clermont-Ferrand,27,21658,91.0
Serge Bondy,Clermont-Ferrand,56,30601,98.0
Maryse Angélil,Clermont-Ferrand,46,23431,84.0
Octave Lépicier,Clermont-Ferrand,70,22369,86.0
Edmee Beauchamp,Pont-du-Château,62,16349,55.0
Malagigi D'Aubigné,Beaumont,24,22108,67.0
Sennet Hughes,Clermont-Ferrand,77,20027,49.0
Nanna Dupuy,Pérignat-lès-Sarliève,20,19855,73.0
Noël Austin,Orcines,79,23108,85.0
Raina Loiseau,Clermont-Ferrand,33,21673,55.0
Pierrette Dennis,Clermont-Ferrand,60,17007,53.0
Nouel Benoit,Gerzat,32,16687,44.0
Rachelle Huppé,Cournon-d'Auvergne,38,22825,62.0
Thierry Paulet,Clermont-Ferrand,70,22805,58.0
Laurene Fongemie,Aubière,84,25451,108.0
Alexandre Bélanger,Clermont-Ferrand,55,20738,77.0
Benjamin Margand,Chamalières,72,22051,68.0
Seymour Bonenfant,Clermont-Ferrand,36,19183,69.0
Amélie Covillon,Châteaugay,85,18171,66.0
Aubrey Audibert,Clermont-Ferrand,66,25479,76.0
Holly Varieur,Aubière,45,24023,71.0
Diane Boucher,Clermont-Ferrand,69,27168,81.0
Benjamin Lavoie,Clermont-Ferrand,66,29755,104.0
Robert Salois,Gerzat,83,25389,112.0
Normand Duplessis,Gerzat,19,16189,53.0
Vernon Pouchard,Clermont-Ferrand,76,19594,62.0
Aubrey Tachel,Clermont-Ferrand,31,23262,66.0
Christiane Auberjonois,Aubière,84,23800,76.0
Agnès Brunelle,Pont-du-Château,20,21092,54.0
Evrard Vallée,Durtol,54,26381,92.0
Gabriel Brousseau,Clermont-Ferrand,51,22208,71.0
Magnolia Bilodeau,Chamalières,62,25060,83.0
Ormazd Couturier,Clermont-Ferrand,71,17761,60.0
Evrard Henrichon,Pont-du-Château,38,15800,62.0
Rachelle Lizotte,Clermont-Ferrand,30,19457,68.0
Chantal Létourneau,Aubière,67,19817,64.0
Avril Gladu,Clermont-Ferrand,54,28439,101.0
Marc Dagenais,Beaumont,49,22904,70.0
Maslin Quiron,Cébazat,23,19840,75.0
Mandel Echeverri,Royat,25,23779,84.0
Laetitia Metivier,Pont-du-Château,37,24085,90.0
Mercer Sicard,Chamalières,73,19968,90.0
Babette Panetier,Lempdes,84,20872,69.0
Faye Bonenfant,Clermont-Ferrand,47,24522,73.0
Roslyn Bourassa,Aubière,21,29419,92.0
Talon Legault,Clermont-Ferrand,70,17551,62.0
Edmee Fortin,Clermont-Ferrand,30,24440,82.0
Rosemarie Ménard,Clermont-Ferrand,44,24384,58.0
Bernard Lamoureux,Pont-du-Château,65,23882,65.0
Fifine Bourdette,Cébazat,31,24145,91.0
Yseult Hughes,Clermont-Ferrand,38,20626,62.0
Felicienne Guay,Clermont-Ferrand,39,20265,49.0
Christien Hachée,Clermont-Ferrand,76,19532,72.0
Phillipa Faubert,Aulnat,60,20596,66.0
Burrell Boileau,Clermont-Ferrand,51,24635,70.0
Marmion Bédard,Cournon-d'Auvergne,82,20770,75.0
Zacharie Francoeur,Aubière,41,18881,65.0
Alita Berthiaume,Cébazat,85,24598,82.0
Fabienne Lejeune,Cournon-d'Auvergne,41,17836,49.0
Aiglentina Baron,Clermont-Ferrand,72,19069,58.0
Latimer Plante,Le Cendre,66,22439,70.0
Halette Fontaine,Gerzat,55,23857,85.0
Henriette Émond,Clermont-Ferrand,76,23099,82.0
Didier Morneau,Clermont-Ferrand,27,19005,53.0
Brier Bouvier,Clermont-Ferrand,42,22413,77.0
Royale Lafontaine,Clermont-Ferrand,71,22501,86.0
Brigitte Sauvé,Cournon-d'Auvergne,65,22105,83.0
Medoro Dufour,Clermont-Ferrand,76,21296,78.0
Onfroi Lespérance,Clermont-Ferrand,50,25727,76.0
Simone Senneville,Royat,26,21710,66.0
Laetitia Ricard,Cournon-d'Auvergne,82,21272,69.0
Martin Boivin,Le Cendre,76,21610,66.0
Christian Langelier,Pont-du-Château,71,19189,69.0
Nathalie Vernadeau,Pont-du-Château,53,19741,54.0
Vail Aucoin,Clermont-Ferrand,21,21626,66.0
Laverne Langlois,Châteaugay,25,16825,49.0
Aubrey Paquet,Clermont-Ferrand,31,25360,67.0
Gérard Labelle,Cournon-d'Auvergne,29,19732,62.0
Alfred Latourelle,Clermont-Ferrand,61,21596,66.0
Bevis Tougas,Cournon-d'Auvergne,32,22633,76.0
Karel Deslauriers,Lempdes,64,25587,108.0
Patrick Charpentier,Chamalières,66,22896,87.0
Christophe Ricard,Clermont-Ferrand,42,21009,80.0
Mirabelle Pouchard,Clermont-Ferrand,26,22117,66.0
Serge Tachel,Gerzat,28,20648,60.0
Constance Leroux,Chamalières,63,20873,70.0
Claude Laderoute,Clermont-Ferrand,19,23166,65.0
Capucine Gilbert,Clermont-Ferrand,65,21158,49.0
Felicienne Rodrigue,Pont-du-Château,72,25238,88.0
Christian Barrette,Beaumont,36,23407,73.0
Geneviève Parent,Clermont-Ferrand,42,26325,78.0
Maureen Gervais,Blanzat,46,20381,74.0
Scoville Courcelle,Lempdes,71,15780,56.0
Aubin Babin,Clermont-Ferrand,84,17191,74.0
Royden Larocque,Cournon-d'Auvergne,21,23311,83.0
Liane de Chateaub,Clermont-Ferrand,68,16011,60.0
Roger Lambert,Pont-du-Château,70,21906,69.0
Gauthier Lizotte,Clermont-Ferrand,32,23763,60.0
Lothair Bazinet,Clermont-Ferrand,33,25540,91.0
Joseph Lachance,Clermont-Ferrand,50,14139,44.0
Kerman Massé,Clermont-Ferrand,46,22040,71.0
Delmare Denis,Aubière,85,22845,79.0
Amarante Godin,Aulnat,35,26447,91.0
Davet Cuillerier,Gerzat,51,23353,67.0
Simone DuLin,Aubière,62,21880,60.0
André Adler,Gerzat,49,19062,80.0
Delmare Landry,Clermont-Ferrand,50,19214,65.0
Artus Plourde,Clermont-Ferrand,34,25483,95.0
Anton Raymond,Chamalières,49,18832,59.0
Nadine Daviau,Royat,60,25665,87.0
Arnaud Boileau,Cournon-d'Auvergne,56,25050,93.0
Millard Lemaître,Romagnat,37,22521,75.0
Jewel Margand,Aubière,81,14228,44.0
Bevis Jobin,Ceyrat,50,13531,48.0
Belle Simon,Le Cendre,39,24648,66.0
Normand Marseau,Gerzat,44,23270,77.0
Nouel Noël,Le Cendre,57,23914,75.0
Christiane Théberge,Gerzat,67,18001,57.0
Margaux Carrière,Chamalières,83,27254,103.0
Demi Lapointe,Cournon-d'Auvergne,40,27224,80.0
Morgana L'Hiver,Clermont-Ferrand,55,23505,92.0
Brice Plourde,Clermont-Ferrand,61,24509,91.0
Bernard Robillard,Clermont-Ferrand,60,22894,80.0
Caroline Beauchamps,Clermont-Ferrand,19,22754,83.0
Christiane Courtemanche,Clermont-Ferrand,72,20701,63.0
Geneviève Lavoie,Clermont-Ferrand,20,18637,59.0
Sylvie Ayot,Clermont-Ferrand,49,19278,58.0
Burrell Sevier,Cournon-d'Auvergne,30,20193,63.0
Manon Baril,Clermont-Ferrand,21,22137,88.0
Alphonsine Bernard,Beaumont,27,24209,82.0
Pinabel Bonsaint,Chamalières,20,19430,61.0
Laurence Soucy,Aubière,44,19597,61.0
Georges Grandbois,Cébazat,75,22594,79.0
Leone Coulombe,Clermont-Ferrand,39,20174,50.0
Charlot Chauvet,Gerzat,60,23058,91.0
Satordi Ferland,Saint-Genès-Champanelle,72,29104,95.0
Pascaline Méthot,Chamalières,25,19213,40.0
Blondelle Gosselin,Clermont-Ferrand,76,25666,82.0
Marshall Robert,Clermont-Ferrand,52,20121,55.0
Belle Lizotte,Aulnat,70,20846,59.0
Olivie Course,Clermont-Ferrand,25,22822,85.0
Grosvenor Sabourin,Cournon-d'Auvergne,80,19278,69.0
Fantina Barjavel,Clermont-Ferrand,49,26084,88.0
Colette Camus,Clermont-Ferrand,43,25790,91.0
Eleanor Guédry,Clermont-Ferrand,23,23013,75.0
Marlon L'Hiver,Clermont-Ferrand,27,23140,80.0
Alice Brisebois,Clermont-Ferrand,47,24152,75.0
Catherine Savoie,Clermont-Ferrand,52,23097,77.0
Thierry Cousteau,Clermont-Ferrand,67,16592,66.0
Franck Chartier,Chamalières,29,23432,69.0
Isaac LeBatelier,Clermont-Ferrand,55,21483,71.0
Élisabeth Charlesbois,Clermont-Ferrand,32,25299,87.0
Paien Langlais,Aubière,76,19396,63.0
Anaïs Levasseur,Clermont-Ferrand,28,20244,52.0
Sydney Ouellet,Beaumont,50,21386,80.0
Yseult de Chateaub,Clermont-Ferrand,78,28873,99.0
Moore Ailleboust,Cébazat,61,20992,65.0
Frontino Bler,Clermont-Ferrand,75,21306,86.0
Bayard Jardine,Cournon-d'Auvergne,84,20419,71.0
Telford Gareau,Ceyrat,24,16608,48.0
Brigliador Larocque,Clermont-Ferrand,28,16610,56.0
Magnolia Lachapelle,Chamalières,63,20287,72.0
Viollette Arsenault,Lempdes,52,19006,48.0
Vaden D'Aubigné,Ceyrat,30,24888,79.0
Alaine Bonenfant,Gerzat,41,18966,79.0
Laure Allain,Clermont-Ferrand,72,22539,66.0
Karlotta Houde,Clermont-Ferrand,34,20311,51.0
Porter Hétu,Clermont-Ferrand,27,21318,84.0
Talbot Gingras,Aulnat,65,19607,68.0
Mavise Rodrigue,Clermont-Ferrand,55,17278,71.0
Hedvige Therrien,Lempdes,25,21825,66.0
Leal Gendron,Chamalières,40,24724,59.0
Medoro DuLin,Chamalières,28,23577,68.0
Laurence Therrien,Clermont-Ferrand,79,20636,59.0
Fabrice Lalonde,Chamalières,29,28156,84.0
Fayette Desnoyer,Chamalières,81,19049,98.0
Viollette Martineau,Royat,55,22765,67.0
Clarimunda Huard,Clermont-Ferrand,46,24356,94.0
Quennel Masson,Clermont-Ferrand,82,16572,75.0
Namo Querry,Cournon-d'Auvergne,68,25923,80.0
Alphonse Lamour,Clermont-Ferrand,60,22787,65.0
Lucas Labelle,Chamalières,58,24343,74.0
Kari Pariseau,Pérignat-lès-Sarliève,47,22087,82.0
Arnaud Course,Clermont-Ferrand,64,20137,60.0
Algernon Chouinard,Ceyrat,51,19901,86.0
Victorine Simon,Gerzat,43,18838,74.0
Fayette Sauvé,Aubière,62,21277,69.0
Ogier Beaudoin,Romagnat,29,26068,74.0
Étienne Chartré,Chamalières,26,19289,61.0
Jérôme Brunelle,Aulnat,29,24962,66.0
Astrid CinqMars,Clermont-Ferrand,60,20759,68.0
Ernest Quessy,Romagnat,60,18460,57.0
Babette Lagacé,Clermont-Ferrand,52,22415,77.0
Benjamin Pirouet,Cournon-d'Auvergne,80,25250,88.0
Moore Barrette,Cournon-d'Auvergne,31,20278,73.0
Royale Hébert,Beaumont,26,22091,57.0
Florismart Cinq-Mars,Chamalières,52,20591,83.0
Cloridan Despins,Chamalières,25,19946,51.0
Lance Labrie,Gerzat,21,18338,56.0
Leal Mothé,Clermont-Ferrand,26,21473,57.0
Wyatt Beaulac,Clermont-Ferrand,39,22609,59.0
Ambra Monjeau,Gerzat,85,23097,92.0
Thiery Longpré,Gerzat,45,21815,55.0
Montague Desaulniers,Beaumont,80,25197,85.0
Germaine Beauchamp,Clermont-Ferrand,22,16895,58.0
Romaine Gaillou,Ceyrat,67,20881,59.0
Cammile Poissonnier,Clermont-Ferrand,27,17281,23.0
Norris Hébert,Cournon-d'Auvergne,85,21153,67.0
Ranger Chastain,Pont-du-Château,24,21998,55.0
Dorothée Lajeunesse,Clermont-Ferrand,20,23929,79.0
Avril Truchon,Clermont-Ferrand,63,20791,68.0
Huon Camus,Châteaugay,45,22665,68.0
Avril Labelle,Beaumont,80,20803,60.0
Maslin Boivin,Clermont-Ferrand,64,28000,80.0
Quincy Chastain,Beaumont,36,20116,71.0
Noémi Desruisseaux,Clermont-Ferrand,53,26256,83.0
Thérèse Begin,Clermont-Ferrand,67,20206,76.0
Mayhew Lefèbvre,Clermont-Ferrand,85,20185,61.0
Fiacre Lemieux,Clermont-Ferrand,33,26842,80.0
Mariette Bernier,Gerzat,22,19277,52.0
Clementine Dandonneau,Cournon-d'Auvergne,39,19540,58.0
Joseph Bouchard,Cournon-d'Auvergne,82,23180,83.0
Garland Adler,Romagnat,64,17062,51.0
Gifford Bonnet,Pont-du-Château,69,21453,78.0
Dexter Godin,Pont-du-Château,78,20459,50.0
Georges Bourget,Chamalières,85,21049,60.0
Catherine Leroux,Clermont-Ferrand,33,25182,93.0
Parfait Franchet,Cournon-d'Auvergne,19,20813,52.0
Josephe Devost,Clermont-Ferrand,21,24970,49.0
Robert Lesage,Clermont-Ferrand,25,19086,52.0
Clothilde Bourgouin,Clermont-Ferrand,41,17376,65.0
Avenall Ailleboust,Aubière,48,20973,50.0
Jacques Bussière,Royat,68,26195,84.0
Diane Audibert,Aubière,80,24376,77.0
Christelle Rocher,Clermont-Ferrand,76,17233,56.0
Gauthier Querry,Clermont-Ferrand,60,20666,68.0
Denis Gour,Clermont-Ferrand,47,17116,73.0
Maurice Metivier,Clermont-Ferrand,54,22395,72.0
Forrest Chatigny,Clermont-Ferrand,40,20467,63.0
Avril Baron,Clermont-Ferrand,40,16526,55.0
Landers Chalut,Clermont-Ferrand,53,23379,78.0
Caresse Corbeil,Clermont-Ferrand,85,18399,63.0
Fauna Melanson,Cournon-d'Auvergne,29,22463,79.0
Henry Vincent,Clermont-Ferrand,52,23680,73.0
Honoré Brousseau,Saint-Genès-Champanelle,55,12556,32.0
Arthur Robillard,Clermont-Ferrand,67,21596,56.0
Gemma Lalonde,Cébazat,52,25741,68.0
Zerbino Bilodeau,Beaumont,80,28586,100.0
Jeanette Coudert,Cournon-d'Auvergne,33,21715,59.0
Lorraine Ruais,Clermont-Ferrand,29,22604,52.0
Arno Pouliotte,Clermont-Ferrand,38,17812,73.0
Blanchefle Grandbois,Clermont-Ferrand,66,25379,88.0
Holly Tardif,Clermont-Ferrand,49,15163,57.0
Amélie Duplessis,Clermont-Ferrand,83,24024,91.0
Eugène Paquet,Cébazat,34,18872,42.0
Garland Bergeron,Châteaugay,28,16670,48.0
Mandel Mireault,Clermont-Ferrand,62,20049,52.0
Cammile Bisaillon,Lempdes,51,23857,73.0
Linette Lanctot,Chamalières,40,21433,73.0
Aubert Moïse,Aulnat,71,24529,83.0
Afrodille Sarrazin,Clermont-Ferrand,38,25737,62.0
Vedette Hervieux,Clermont-Ferrand,66,27795,86.0
Ancelote Authier,Lempdes,66,21176,81.0
Christian Ferland,Clermont-Ferrand,41,26271,81.0
Leone Binet,Clermont-Ferrand,82,22392,77.0
Baptiste Viens,Clermont-Ferrand,49,23569,66.0
Didier Chesnay,Clermont-Ferrand,75,22797,72.0
Jacques Lanctot,Clermont-Ferrand,34,25186,57.0
Josephe Blondlot,Clermont-Ferrand,38,20858,59.0
Patience L'Heureux,Clermont-Ferrand,41,18225,74.0
Aubine Proulx,Clermont-Ferrand,56,28995,91.0
Laurene Lagacé,Cébazat,78,19821,65.0
Claude Aubé,Clermont-Ferrand,79,23010,76.0
Raison Gousse,Clermont-Ferrand,23,25658,85.0
Hugues Majory,Clermont-Ferrand,53,22225,72.0
Eugenia Jetté,Cournon-d'Auvergne,74,27365,81.0
Fortun Racine,Clermont-Ferrand,63,17770,56.0
Fusberta Thériault,Aubière,39,27405,82.0
Vincent Riel,Clermont-Ferrand,70,20122,67.0
Etoile Sylvain,Clermont-Ferrand,81,22945,69.0
Pansy Brault,Cournon-d'Auvergne,46,19514,45.0
Bevis Paulet,Nohanent,30,19475,73.0
David Ruel,Clermont-Ferrand,57,21205,51.0
Noël Belisle,Ceyrat,68,20699,62.0
Fealty Thibault,Cournon-d'Auvergne,26,21960,53.0
Maryse Pirouet,Cébazat,46,17551,50.0
Arno Rivard,Ceyrat,20,22972,58.0
Parfait LaGrande,Lempdes,71,20080,58.0
Jeoffroi Bonneville,Gerzat,57,21135,51.0
Élodie Beauchamps,Clermont-Ferrand,30,19942,70.0
Gradasso Racine,Beaumont,25,23729,68.0
Delit Michaud,Le Cendre,80,17391,59.0
Maurice Bérubé,Aubière,52,23645,56.0
Malagigi Bonami,Clermont-Ferrand,56,24377,68.0
Danielle Perreault,Clermont-Ferrand,43,28876,100.0
Apolline Plante,Orcines,67,24123,61.0
Merlin Sirois,Clermont-Ferrand,61,18610,57.0
Claudette Austin,Clermont-Ferrand,48,18510,87.0
Jeanne Garcia,Romagnat,30,19515,57.0
Georges Berger,Clermont-Ferrand,23,22481,82.0
Thierry Lazure,Aubière,54,24098,71.0
Aleron Berie,Clermont-Ferrand,58,20435,87.0
Orville Caya,Clermont-Ferrand,78,23924,82.0
Harbin LaCaille,Clermont-Ferrand,52,23597,98.0
Comforte Gaudreau,Clermont-Ferrand,85,22459,79.0
Xavierre Patel,Clermont-Ferrand,77,18579,51.0
Favor Petrie,Aulnat,26,19257,47.0
Mayhew Garceau,Chamalières,66,21670,88.0
Charmaine Brault,Clermont-Ferrand,43,25527,81.0
Albertine Blanc,Clermont-Ferrand,60,21351,70.0
Lyle LaGarde,Chamalières,75,21527,65.0
Claudette Longpré,Cournon-d'Auvergne,78,25967,88.0
Josephe Sorel,Clermont-Ferrand,31,21242,59.0
Chappell Royer,Clermont-Ferrand,27,20248,64.0
Alexandre Bérard,Clermont-Ferrand,19,22391,63.0
Nathalie Bouvier,Cournon-d'Auvergne,82,18054,43.0
Dominique Séguin,Chamalières,20,22118,54.0
Nicolette Desnoyer,Clermont-Ferrand,52,20198,80.0
Aubin Raymond,Aubière,27,20800,58.0
Jeanette Lanoie,Clermont-Ferrand,53,21632,49.0
Isaac Gilbert,Clermont-Ferrand,32,21851,68.0
Ferragus Goguen,Clermont-Ferrand,28,14776,40.0
Chantal Chnadonnet,Clermont-Ferrand,40,23502,99.0
Gifford Guay,Royat,82,26097,106.0
André Fecteau,Châteaugay,63,25065,83.0
Senior Trépanier,Ceyrat,44,20861,54.0
Clémence Tougas,Ceyrat,76,18352,38.0
Orson Hughes,Lempdes,85,21641,78.0
Searlait Gaulin,Pont-du-Château,39,23522,81.0
Leverett Vadnais,Clermont-Ferrand,64,17434,53.0
Thibaut Duclos,Clermont-Ferrand,21,15208,54.0
Vernon Morneau,Clermont-Ferrand,37,24813,98.0
Brigliador Renaud,Aubière,79,16234,67.0
Auriville Bernard,Cournon-d'Auvergne,62,19473,70.0
Verrill Grimard,Clermont-Ferrand,25,23320,69.0
Orson Houle,Clermont-Ferrand,29,29722,88.0
Noelle Couture,Chamalières,55,17530,60.0
Bernard Beaulé,Clermont-Ferrand,81,21130,62.0
Juliette Beauchesne,Clermont-Ferrand,80,21726,85.0
Ignace Leduc,Clermont-Ferrand,53,30013,93.0
Fauna LeBatelier,Cournon-d'Auvergne,84,22096,69.0
Merlin Labbé,Ceyrat,41,27690,97.0
Susanne Baron,Clermont-Ferrand,60,21229,56.0
Jesper Langlois,Clermont-Ferrand,60,20490,58.0
Alphonse Cousteau,Beaumont,30,22229,71.0
Hugues Lizotte,Beaumont,45,17587,62.0
Vaden Talon,Clermont-Ferrand,84,19062,58.0
Yseult Benoit,Gerzat,23,17932,50.0
Eglantine Bouchard,Clermont-Ferrand,80,21145,77.0
Senapus Busson,Beaumont,26,21394,75.0
Sibyla Salois,Romagnat,81,15864,63.0
Beltane Proulx,Romagnat,80,17897,67.0
Philip Daoust,Pont-du-Château,83,24807,85.0
Xavier Norbert,Blanzat,71,21065,84.0
Alice Rodrigue,Clermont-Ferrand,49,22962,65.0
Beltane Paradis,Beaumont,37,20754,66.0
Ambra Rancourt,Clermont-Ferrand,27,22155,71.0
Marguerite Charbonneau,Cébazat,32,19546,56.0
Marie Corbeil,Lempdes,56,20754,62.0
Hugues Pomerleau,Chamalières,42,21254,67.0
Chandler Sirois,Orcines,44,23860,72.0
Octave Desruisseaux,Gerzat,40,20289,58.0
Eugène Auger,Clermont-Ferrand,41,23061,68.0
Tanguy Saucier,Cournon-d'Auvergne,77,17845,81.0
Jay Verreau,Cournon-d'Auvergne,67,17399,63.0
Alfred Barrette,Romagnat,46,23307,72.0
Malagigi Foucault,Chamalières,74,21913,71.0
Céline Doyon,Gerzat,51,19784,80.0
Dorene Allain,Clermont-Ferrand,84,27941,92.0
Mercer Bizier,Nohanent,38,19668,69.0
Susanne Sansouci,Cébazat,44,24896,75.0
Luc Deserres,Chamalières,28,23431,78.0
Eustache Gamache,Clermont-Ferrand,41,21055,76.0
Coralie Labrecque,Chamalières,63,27640,81.0
Warrane St-Jacques,Aubière,41,19855,75.0
Henriette Leblanc,Clermont-Ferrand,55,20668,74.0
Jacquenett Vincent,Cébazat,51,33468,116.0
Millicent Lévesque,Durtol,48,24946,76.0
Henry Dandonneau,Clermont-Ferrand,36,23426,71.0
William Cliche,Chamalières,61,21456,85.0
Francis Chouinard,Clermont-Ferrand,55,21289,72.0
Scoville Rivière,Cébazat,49,16857,35.0
Zara Cousteau,Chamalières,84,25652,78.0
Orva Quenneville,Le Cendre,38,21144,62.0
Kerman Monrency,Clermont-Ferrand,22,19883,49.0
Benjamin Marceau,Clermont-Ferrand,77,19941,75.0
Albracca de Brisay,Lempdes,25,20199,59.0
Corinne Gaulin,Clermont-Ferrand,31,22462,78.0
Logistilla Simon,Beaumont,74,18245,64.0
Isabelle Carignan,Clermont-Ferrand,61,19576,45.0
Tearlach Lamarre,Clermont-Ferrand,70,21251,50.0
Forrest Chassé,Aubière,58,18520,62.0
Pansy Lachapelle,Chamalières,85,21564,81.0
Vachel Dubé,Clermont-Ferrand,77,22800,78.0
Jeanette De La Vergne,Châteaugay,46,19772,58.0
Avice Boileau,Clermont-Ferrand,48,20574,74.0
Babette Émond,Cournon-d'Auvergne,71,24475,78.0
Théophile D'Aubigné,Blanzat,37,20252,42.0
Falerina Davignon,Gerzat,19,23207,73.0
Landers Sanschagrin,Ceyrat,26,20791,67.0
Antoine Beaudouin,Gerzat,26,21389,57.0
Aubin Dupuis,Clermont-Ferrand,75,26192,81.0
Marguerite Turgeon,Cournon-d'Auvergne,79,22142,55.0
Fortun Bellefeuille,Clermont-Ferrand,40,24101,86.0
Vincent Gadbois,Pérignat-lès-Sarliève,48,21760,79.0
Elita De La Ronde,Lempdes,82,21197,81.0
Christian Dennis,Orcines,32,20128,47.0
Carolos Quessy,Clermont-Ferrand,53,21427,68.0
Vail Loiselle,Orcines,19,21362,57.0
Archard Asselin,Clermont-Ferrand,71,24335,71.0
Adrienne Bonnet,Cournon-d'Auvergne,25,19647,41.0
Lothair Brian,Aubière,46,24841,77.0
Nicolas Souplet,Clermont-Ferrand,36,22113,53.0
Benoît Guibord,Clermont-Ferrand,27,22378,87.0
Evrard Chauvin,Clermont-Ferrand,61,19811,53.0
Eleanor Boulanger,Clermont-Ferrand,45,24656,77.0
Sidney Paquette,Royat,54,23441,78.0
Matilda Benoit,Chamalières,76,23197,58.0
Coralie David,Clermont-Ferrand,63,25132,93.0
Édith Goudreau,Royat,29,20505,75.0
Nicholas Charpie,Clermont-Ferrand,27,27669,93.0
Jessamine Deschamps,Pont-du-Château,78,21699,78.0
Sumner Boileau,Clermont-Ferrand,31,26466,86.0
Armand Fluet,Cournon-d'Auvergne,25,24628,95.0
Lothair Blanchard,Clermont-Ferrand,62,18287,49.0
Christien Courcelle,Clermont-Ferrand,24,18391,58.0
Maureen Lapresse,Romagnat,30,18276,57.0
Denis Bousquet,Lempdes,45,23962,79.0
Bernadette Guibord,Le Cendre,83,22969,67.0
Jessamine Levasseur,Chamalières,72,22312,90.0
Raoul Quiron,Clermont-Ferrand,28,27154,83.0
Chapin Parrot,Romagnat,36,19120,63.0
Patrick Côté,Clermont-Ferrand,56,18852,71.0
Bartlett Auger,Cournon-d'Auvergne,58,24996,79.0
Ganelon Marois,Chamalières,59,20841,51.0
Claude Ratté,Saint-Genès-Champanelle,20,23352,68.0
Erembourg Lamarre,Aubière,51,24467,94.0
Angelique Rossignol,Clermont-Ferrand,38,20451,61.0
Burnell Lamy,Clermont-Ferrand,27,23265,90.0
Adrienne Daviau,Romagnat,38,22215,58.0
Prewitt Thériault,Clermont-Ferrand,65,28357,75.0
Marveille Fresne,Cournon-d'Auvergne,32,28828,94.0
Hardouin Casgrain,Chamalières,58,27111,104.0
Marlon Laprise,Pont-du-Château,22,22523,77.0
Jewel Duhamel,Clermont-Ferrand,68,20407,64.0
Honore Robitaille,Cournon-d'Auvergne,77,21478,74.0
Chapin Paimboeuf,Beaumont,21,22670,68.0
Michèle Quessy,Clermont-Ferrand,76,24135,81.0
Lundy Bérubé,Clermont-Ferrand,22,21292,57.0
Prunella Fecteau,Clermont-Ferrand,57,20604,76.0
Arianne Croquetaigne,Beaumont,59,25817,77.0
